Field,ID,Type (Type),default,en-US,ja-JP,zh-CN
Description,2,Text,,"MonkeyPaste is a clipboard manager, automation and productivity tool like no other. Enhancing your clipboard into an enriched and organized part of your workflow,
featuring an intuitive and low-profile interface that supports text, files and images. Designed for flexibility, with an ever-growing community-driven libray of plugins.

It began as an experiment by a programmer wanting more than just copy and paste out of the clipboard. He wanted a simple command like Control+C that would 'add to' instead 
of 'replace' what was on the clipboard. And the experiment worked, eureka! The little tool was very handy. This entrigued the programmer with more ideas and more experiments, that 
now has become ""MonkeyPaste"". 

As the desktop is to your files, MonkeyPaste intends to be to your clipboard. Its a suite of tools carefully designed to seemlessly integrate and interoperate with 
any application or format of content. Control+C and Control+V are much more than just shortcuts. They are the ports of entry all applications share, carrying a 
wealth of value and meaning you deserve to have available at your fingertips. Not just thrown away after the next Control+C.

I am that programmer mentioned earlier and I want everyone to be able to find use out of MonkeyPaste. So it and all of its features are completely free to use. 
I also want you to feel comfortable using it. So I assure you, as being the only force behind its creation, that NONE of the (very) personal information that can arise on 
your clipboard is ever tracked or stored ANYWHERE beyond your own machine. Period.","(æ³¨è¨˜ï¼, )
MonkeyPaste ã¯ã€ä»–ã«ã¯ãªã„ã‚¯ãƒªãƒƒãƒ—ãƒœãƒ¼ãƒ‰ ãƒãƒãƒ¼ã‚¸ãƒ£ãƒ¼ã€è‡ªå‹•åŒ–ãŠã‚ˆã³ç”Ÿç”£æ€§ãƒ„ãƒ¼ãƒ«ã§ã™ã€‚","(ç¬”è®°ï¼, )
MonkeyPaste æ˜¯ä¸€æ¬¾ç‹¬ä¸€æ— äºŒçš„å‰ªè´´æ¿ç®¡ç†å™¨ã€è‡ªåŠ¨åŒ–å’Œç”Ÿäº§åŠ›å·¥å…·ã€‚"
ReleaseNotes,3,Text,,Initial Release,åˆå›ãƒªãƒªãƒ¼ã‚¹,åˆå§‹å‘è¡Œ
Title,4,Text,,MonkeyPaste,MonkeyPaste,MonkeyPaste
ShortTitle,5,Text,,,,
SortTitle,6,Text,,,,
VoiceTitle,7,Text,,,,
ShortDescription,8,Text,,"The clipboard is a jungle. MonkeyPaste is the KING! Swing from app to app, copying this and pasting that like never before with MonkeyPaste!! A brand-new, cutting edge clipboard and analytic automation tool!!!",ã‚¯ãƒªãƒƒãƒ—ãƒœãƒ¼ãƒ‰ã¯ã‚¸ãƒ£ãƒ³ã‚°ãƒ«ã§ã™ã€‚,å‰ªè´´æ¿æ˜¯ä¸€ç‰‡ä¸›æ—ã€‚
DevStudio,9,Text,,Thomas Kefauver,Thomas Kefauver,Thomas Kefauver
CopyrightTrademarkInformation,12,Text,,,,
AdditionalLicenseTerms,13,Text,,,,
DesktopScreenshot1,100,Relative path (or URL to file in Partner Center),,listing_product_1.0.7.0/ss1.png,listing_product_1.0.7.0/ss1.png,listing_product_1.0.7.0/ss1.png
DesktopScreenshot2,101,Relative path (or URL to file in Partner Center),,listing_product_1.0.7.0/ss2.png,listing_product_1.0.7.0/ss2.png,listing_product_1.0.7.0/ss2.png
DesktopScreenshot3,102,Relative path (or URL to file in Partner Center),,listing_product_1.0.7.0/ss3.png,listing_product_1.0.7.0/ss3.png,listing_product_1.0.7.0/ss3.png
DesktopScreenshot4,103,Relative path (or URL to file in Partner Center),,listing_product_1.0.7.0/ss4.png,listing_product_1.0.7.0/ss4.png,listing_product_1.0.7.0/ss4.png
DesktopScreenshot5,104,Relative path (or URL to file in Partner Center),,listing_product_1.0.7.0/ss5.png,listing_product_1.0.7.0/ss5.png,listing_product_1.0.7.0/ss5.png
DesktopScreenshot6,105,Relative path (or URL to file in Partner Center),,,,
DesktopScreenshot7,106,Relative path (or URL to file in Partner Center),,,,
DesktopScreenshot8,107,Relative path (or URL to file in Partner Center),,,,
DesktopScreenshot9,108,Relative path (or URL to file in Partner Center),,,,
DesktopScreenshot10,109,Relative path (or URL to file in Partner Center),,,,
DesktopScreenshot11,110,Relative path (or URL to file in Partner Center),,,,
DesktopScreenshot12,111,Relative path (or URL to file in Partner Center),,,,
DesktopScreenshot13,112,Relative path (or URL to file in Partner Center),,,,
DesktopScreenshot14,113,Relative path (or URL to file in Partner Center),,,,
DesktopScreenshot15,114,Relative path (or URL to file in Partner Center),,,,
DesktopScreenshot16,115,Relative path (or URL to file in Partner Center),,,,
DesktopScreenshot17,116,Relative path (or URL to file in Partner Center),,,,
DesktopScreenshot18,117,Relative path (or URL to file in Partner Center),,,,
DesktopScreenshot19,118,Relative path (or URL to file in Partner Center),,,,
DesktopScreenshot20,119,Relative path (or URL to file in Partner Center),,,,
DesktopScreenshot21,120,Relative path (or URL to file in Partner Center),,,,
DesktopScreenshot22,121,Relative path (or URL to file in Partner Center),,,,
DesktopScreenshot23,122,Relative path (or URL to file in Partner Center),,,,
DesktopScreenshot24,123,Relative path (or URL to file in Partner Center),,,,
DesktopScreenshot25,124,Relative path (or URL to file in Partner Center),,,,
DesktopScreenshot26,125,Relative path (or URL to file in Partner Center),,,,
DesktopScreenshot27,126,Relative path (or URL to file in Partner Center),,,,
DesktopScreenshot28,127,Relative path (or URL to file in Partner Center),,,,
DesktopScreenshot29,128,Relative path (or URL to file in Partner Center),,,,
DesktopScreenshot30,129,Relative path (or URL to file in Partner Center),,,,
DesktopScreenshotCaption1,150,Text,,Trigger & Action Designer for custom automations and action chaining,"(ã“ã®è¨€èªã§ã‚¤ãƒ³ã‚¹ãƒˆãƒ¼ãƒ«ã•ã‚Œã¦ã„ã¾ã™ã€‚, )
ã‚«ã‚¹ã‚¿ãƒ ã‚ªãƒ¼ãƒˆãƒ¡ãƒ¼ã‚·ãƒ§ãƒ³ã¨ã‚¢ã‚¯ã‚·ãƒ§ãƒ³ãƒã‚§ãƒ¼ãƒ³ã®ãŸã‚ã®ãƒˆãƒªã‚¬ãƒ¼ï¼†ã‚¢ã‚¯ã‚·ãƒ§ãƒ³ãƒ‡ã‚¶ã‚¤ãƒŠãƒ¼","(ä»¥è¿™ç§è¯­è¨€å®‰è£…ã€‚, )
ç”¨äºè‡ªå®šä¹‰è‡ªåŠ¨åŒ–å’ŒåŠ¨ä½œé“¾æ¥çš„è§¦å‘å™¨å’ŒåŠ¨ä½œè®¾è®¡å™¨"
DesktopScreenshotCaption2,151,Text,,"Horizontal/vertical layouts, list/grid view and multi-monitor support","(ã“ã®è¨€èªã§ã‚¤ãƒ³ã‚¹ãƒˆãƒ¼ãƒ«ã•ã‚Œã¦ã„ã¾ã™ã€‚, )
æ°´å¹³/å‚ç›´ãƒ¬ã‚¤ã‚¢ã‚¦ãƒˆã€ãƒªã‚¹ãƒˆ/ã‚°ãƒªãƒƒãƒ‰ ãƒ“ãƒ¥ãƒ¼ã€ãƒãƒ«ãƒãƒ¢ãƒ‹ã‚¿ãƒ¼ã®ã‚µãƒãƒ¼ãƒˆ","(ä»¥è¿™ç§è¯­è¨€å®‰è£…ã€‚, )
æ°´å¹³/å‚ç›´å¸ƒå±€ã€åˆ—è¡¨/ç½‘æ ¼è§†å›¾å’Œå¤šæ˜¾ç¤ºå™¨æ”¯æŒ"
DesktopScreenshotCaption3,152,Text,,"Fully-featured clip editor with find/replace, rich text (tables, lists, links, etc.) text templating for quick, dynamic pasting from your snippet collection","(ã“ã®è¨€èªã§ã‚¤ãƒ³ã‚¹ãƒˆãƒ¼ãƒ«ã•ã‚Œã¦ã„ã¾ã™ã€‚, )
æ¤œç´¢/ç½®æ›ã€ãƒªãƒƒãƒ ãƒ†ã‚­ã‚¹ãƒˆ (è¡¨ã€ãƒªã‚¹ãƒˆã€ãƒªãƒ³ã‚¯ãªã©) ã®ãƒ†ã‚­ã‚¹ãƒˆ ãƒ†ãƒ³ãƒ—ãƒ¬ãƒ¼ãƒˆã‚’å‚™ãˆãŸãƒ•ãƒ«æ©Ÿèƒ½ã®ã‚¯ãƒªãƒƒãƒ— ã‚¨ãƒ‡ã‚£ã‚¿ãƒ¼ã«ã‚ˆã‚Šã€ã‚¹ãƒ‹ãƒšãƒƒãƒˆ ã‚³ãƒ¬ã‚¯ã‚·ãƒ§ãƒ³ã‹ã‚‰ã™ã°ã‚„ãå‹•çš„ã«è²¼ã‚Šä»˜ã‘ã‚‹ã“ã¨ãŒã§ãã¾ã™ã€‚","(ä»¥è¿™ç§è¯­è¨€å®‰è£…ã€‚, )
åŠŸèƒ½é½å…¨çš„å‰ªè¾‘ç¼–è¾‘å™¨ï¼Œå…·æœ‰æŸ¥æ‰¾/æ›¿æ¢ã€å¯Œæ–‡æœ¬ï¼ˆè¡¨æ ¼ã€åˆ—è¡¨ã€é“¾æ¥ç­‰ï¼‰æ–‡æœ¬æ¨¡æ¿ï¼Œå¯ä»ç‰‡æ®µé›†åˆä¸­å¿«é€ŸåŠ¨æ€ç²˜è´´"
DesktopScreenshotCaption4,153,Text,,"Safe, secure and private local data storage with optional 2-factor password protection","(ã“ã®è¨€èªã§ã‚¤ãƒ³ã‚¹ãƒˆãƒ¼ãƒ«ã•ã‚Œã¦ã„ã¾ã™ã€‚, )
ã‚ªãƒ—ã‚·ãƒ§ãƒ³ã® 2 è¦ç´ ãƒ‘ã‚¹ãƒ¯ãƒ¼ãƒ‰ä¿è­·ã‚’å‚™ãˆãŸå®‰å…¨ã€ã‚»ã‚­ãƒ¥ã‚¢ãªãƒ—ãƒ©ã‚¤ãƒ™ãƒ¼ãƒˆ ãƒ­ãƒ¼ã‚«ãƒ« ãƒ‡ãƒ¼ã‚¿ ã‚¹ãƒˆãƒ¬ãƒ¼ã‚¸","(ä»¥è¿™ç§è¯­è¨€å®‰è£…ã€‚, )
å®‰å…¨ã€å¯é å’Œç§å¯†çš„æœ¬åœ°æ•°æ®å­˜å‚¨ï¼Œå…·æœ‰å¯é€‰çš„ä¸¤å› ç´ å¯†ç ä¿æŠ¤"
DesktopScreenshotCaption5,154,Text,,Built-in plugin browser with an ever-growing community-driven library of plugins,"(ã“ã®è¨€èªã§ã‚¤ãƒ³ã‚¹ãƒˆãƒ¼ãƒ«ã•ã‚Œã¦ã„ã¾ã™ã€‚, )
æˆé•·ã‚’ç¶šã‘ã‚‹ã‚³ãƒŸãƒ¥ãƒ‹ãƒ†ã‚£ä¸»å°ã®ãƒ—ãƒ©ã‚°ã‚¤ãƒ³ ãƒ©ã‚¤ãƒ–ãƒ©ãƒªã‚’å‚™ãˆãŸçµ„ã¿è¾¼ã¿ãƒ—ãƒ©ã‚°ã‚¤ãƒ³ ãƒ–ãƒ©ã‚¦ã‚¶","(ä»¥è¿™ç§è¯­è¨€å®‰è£…ã€‚, )
å†…ç½®æ’ä»¶æµè§ˆå™¨ï¼Œå…·æœ‰ä¸æ–­å¢é•¿çš„ç¤¾åŒºé©±åŠ¨çš„æ’ä»¶åº“"
DesktopScreenshotCaption6,155,Text,,,,
DesktopScreenshotCaption7,156,Text,,,,
DesktopScreenshotCaption8,157,Text,,,,
DesktopScreenshotCaption9,158,Text,,,,
DesktopScreenshotCaption10,159,Text,,,,
DesktopScreenshotCaption11,160,Text,,,,
DesktopScreenshotCaption12,161,Text,,,,
DesktopScreenshotCaption13,162,Text,,,,
DesktopScreenshotCaption14,163,Text,,,,
DesktopScreenshotCaption15,164,Text,,,,
DesktopScreenshotCaption16,165,Text,,,,
DesktopScreenshotCaption17,166,Text,,,,
DesktopScreenshotCaption18,167,Text,,,,
DesktopScreenshotCaption19,168,Text,,,,
DesktopScreenshotCaption20,169,Text,,,,
DesktopScreenshotCaption21,170,Text,,,,
DesktopScreenshotCaption22,171,Text,,,,
DesktopScreenshotCaption23,172,Text,,,,
DesktopScreenshotCaption24,173,Text,,,,
DesktopScreenshotCaption25,174,Text,,,,
DesktopScreenshotCaption26,175,Text,,,,
DesktopScreenshotCaption27,176,Text,,,,
DesktopScreenshotCaption28,177,Text,,,,
DesktopScreenshotCaption29,178,Text,,,,
DesktopScreenshotCaption30,179,Text,,,,
MobileScreenshot1,200,Relative path (or URL to file in Partner Center),,,,
MobileScreenshot2,201,Relative path (or URL to file in Partner Center),,,,
MobileScreenshot3,202,Relative path (or URL to file in Partner Center),,,,
MobileScreenshot4,203,Relative path (or URL to file in Partner Center),,,,
MobileScreenshot5,204,Relative path (or URL to file in Partner Center),,,,
MobileScreenshot6,205,Relative path (or URL to file in Partner Center),,,,
MobileScreenshot7,206,Relative path (or URL to file in Partner Center),,,,
MobileScreenshot8,207,Relative path (or URL to file in Partner Center),,,,
MobileScreenshot9,208,Relative path (or URL to file in Partner Center),,,,
MobileScreenshot10,209,Relative path (or URL to file in Partner Center),,,,
MobileScreenshot11,210,Relative path (or URL to file in Partner Center),,,,
MobileScreenshot12,211,Relative path (or URL to file in Partner Center),,,,
MobileScreenshot13,212,Relative path (or URL to file in Partner Center),,,,
MobileScreenshot14,213,Relative path (or URL to file in Partner Center),,,,
MobileScreenshot15,214,Relative path (or URL to file in Partner Center),,,,
MobileScreenshot16,215,Relative path (or URL to file in Partner Center),,,,
MobileScreenshot17,216,Relative path (or URL to file in Partner Center),,,,
MobileScreenshot18,217,Relative path (or URL to file in Partner Center),,,,
MobileScreenshot19,218,Relative path (or URL to file in Partner Center),,,,
MobileScreenshot20,219,Relative path (or URL to file in Partner Center),,,,
MobileScreenshot21,220,Relative path (or URL to file in Partner Center),,,,
MobileScreenshot22,221,Relative path (or URL to file in Partner Center),,,,
MobileScreenshot23,222,Relative path (or URL to file in Partner Center),,,,
MobileScreenshot24,223,Relative path (or URL to file in Partner Center),,,,
MobileScreenshot25,224,Relative path (or URL to file in Partner Center),,,,
MobileScreenshot26,225,Relative path (or URL to file in Partner Center),,,,
MobileScreenshot27,226,Relative path (or URL to file in Partner Center),,,,
MobileScreenshot28,227,Relative path (or URL to file in Partner Center),,,,
MobileScreenshot29,228,Relative path (or URL to file in Partner Center),,,,
MobileScreenshot30,229,Relative path (or URL to file in Partner Center),,,,
MobileScreenshotCaption1,250,Text,,,,
MobileScreenshotCaption2,251,Text,,,,
MobileScreenshotCaption3,252,Text,,,,
MobileScreenshotCaption4,253,Text,,,,
MobileScreenshotCaption5,254,Text,,,,
MobileScreenshotCaption6,255,Text,,,,
MobileScreenshotCaption7,256,Text,,,,
MobileScreenshotCaption8,257,Text,,,,
MobileScreenshotCaption9,258,Text,,,,
MobileScreenshotCaption10,259,Text,,,,
MobileScreenshotCaption11,260,Text,,,,
MobileScreenshotCaption12,261,Text,,,,
MobileScreenshotCaption13,262,Text,,,,
MobileScreenshotCaption14,263,Text,,,,
MobileScreenshotCaption15,264,Text,,,,
MobileScreenshotCaption16,265,Text,,,,
MobileScreenshotCaption17,266,Text,,,,
MobileScreenshotCaption18,267,Text,,,,
MobileScreenshotCaption19,268,Text,,,,
MobileScreenshotCaption20,269,Text,,,,
MobileScreenshotCaption21,270,Text,,,,
MobileScreenshotCaption22,271,Text,,,,
MobileScreenshotCaption23,272,Text,,,,
MobileScreenshotCaption24,273,Text,,,,
MobileScreenshotCaption25,274,Text,,,,
MobileScreenshotCaption26,275,Text,,,,
MobileScreenshotCaption27,276,Text,,,,
MobileScreenshotCaption28,277,Text,,,,
MobileScreenshotCaption29,278,Text,,,,
MobileScreenshotCaption30,279,Text,,,,
XboxScreenshot1,300,Relative path (or URL to file in Partner Center),,,,
XboxScreenshot2,301,Relative path (or URL to file in Partner Center),,,,
XboxScreenshot3,302,Relative path (or URL to file in Partner Center),,,,
XboxScreenshot4,303,Relative path (or URL to file in Partner Center),,,,
XboxScreenshot5,304,Relative path (or URL to file in Partner Center),,,,
XboxScreenshot6,305,Relative path (or URL to file in Partner Center),,,,
XboxScreenshot7,306,Relative path (or URL to file in Partner Center),,,,
XboxScreenshot8,307,Relative path (or URL to file in Partner Center),,,,
XboxScreenshot9,308,Relative path (or URL to file in Partner Center),,,,
XboxScreenshot10,309,Relative path (or URL to file in Partner Center),,,,
XboxScreenshot11,310,Relative path (or URL to file in Partner Center),,,,
XboxScreenshot12,311,Relative path (or URL to file in Partner Center),,,,
XboxScreenshot13,312,Relative path (or URL to file in Partner Center),,,,
XboxScreenshot14,313,Relative path (or URL to file in Partner Center),,,,
XboxScreenshot15,314,Relative path (or URL to file in Partner Center),,,,
XboxScreenshot16,315,Relative path (or URL to file in Partner Center),,,,
XboxScreenshot17,316,Relative path (or URL to file in Partner Center),,,,
XboxScreenshot18,317,Relative path (or URL to file in Partner Center),,,,
XboxScreenshot19,318,Relative path (or URL to file in Partner Center),,,,
XboxScreenshot20,319,Relative path (or URL to file in Partner Center),,,,
XboxScreenshot21,320,Relative path (or URL to file in Partner Center),,,,
XboxScreenshot22,321,Relative path (or URL to file in Partner Center),,,,
XboxScreenshot23,322,Relative path (or URL to file in Partner Center),,,,
XboxScreenshot24,323,Relative path (or URL to file in Partner Center),,,,
XboxScreenshot25,324,Relative path (or URL to file in Partner Center),,,,
XboxScreenshot26,325,Relative path (or URL to file in Partner Center),,,,
XboxScreenshot27,326,Relative path (or URL to file in Partner Center),,,,
XboxScreenshot28,327,Relative path (or URL to file in Partner Center),,,,
XboxScreenshot29,328,Relative path (or URL to file in Partner Center),,,,
XboxScreenshot30,329,Relative path (or URL to file in Partner Center),,,,
XboxScreenshotCaption1,350,Text,,,,
XboxScreenshotCaption2,351,Text,,,,
XboxScreenshotCaption3,352,Text,,,,
XboxScreenshotCaption4,353,Text,,,,
XboxScreenshotCaption5,354,Text,,,,
XboxScreenshotCaption6,355,Text,,,,
XboxScreenshotCaption7,356,Text,,,,
XboxScreenshotCaption8,357,Text,,,,
XboxScreenshotCaption9,358,Text,,,,
XboxScreenshotCaption10,359,Text,,,,
XboxScreenshotCaption11,360,Text,,,,
XboxScreenshotCaption12,361,Text,,,,
XboxScreenshotCaption13,362,Text,,,,
XboxScreenshotCaption14,363,Text,,,,
XboxScreenshotCaption15,364,Text,,,,
XboxScreenshotCaption16,365,Text,,,,
XboxScreenshotCaption17,366,Text,,,,
XboxScreenshotCaption18,367,Text,,,,
XboxScreenshotCaption19,368,Text,,,,
XboxScreenshotCaption20,369,Text,,,,
XboxScreenshotCaption21,370,Text,,,,
XboxScreenshotCaption22,371,Text,,,,
XboxScreenshotCaption23,372,Text,,,,
XboxScreenshotCaption24,373,Text,,,,
XboxScreenshotCaption25,374,Text,,,,
XboxScreenshotCaption26,375,Text,,,,
XboxScreenshotCaption27,376,Text,,,,
XboxScreenshotCaption28,377,Text,,,,
XboxScreenshotCaption29,378,Text,,,,
XboxScreenshotCaption30,379,Text,,,,
HolographicScreenshot1,400,Relative path (or URL to file in Partner Center),,,,
HolographicScreenshot2,401,Relative path (or URL to file in Partner Center),,,,
HolographicScreenshot3,402,Relative path (or URL to file in Partner Center),,,,
HolographicScreenshot4,403,Relative path (or URL to file in Partner Center),,,,
HolographicScreenshot5,404,Relative path (or URL to file in Partner Center),,,,
HolographicScreenshot6,405,Relative path (or URL to file in Partner Center),,,,
HolographicScreenshot7,406,Relative path (or URL to file in Partner Center),,,,
HolographicScreenshot8,407,Relative path (or URL to file in Partner Center),,,,
HolographicScreenshot9,408,Relative path (or URL to file in Partner Center),,,,
HolographicScreenshot10,409,Relative path (or URL to file in Partner Center),,,,
HolographicScreenshot11,410,Relative path (or URL to file in Partner Center),,,,
HolographicScreenshot12,411,Relative path (or URL to file in Partner Center),,,,
HolographicScreenshot13,412,Relative path (or URL to file in Partner Center),,,,
HolographicScreenshot14,413,Relative path (or URL to file in Partner Center),,,,
HolographicScreenshot15,414,Relative path (or URL to file in Partner Center),,,,
HolographicScreenshot16,415,Relative path (or URL to file in Partner Center),,,,
HolographicScreenshot17,416,Relative path (or URL to file in Partner Center),,,,
HolographicScreenshot18,417,Relative path (or URL to file in Partner Center),,,,
HolographicScreenshot19,418,Relative path (or URL to file in Partner Center),,,,
HolographicScreenshot20,419,Relative path (or URL to file in Partner Center),,,,
HolographicScreenshot21,420,Relative path (or URL to file in Partner Center),,,,
HolographicScreenshot22,421,Relative path (or URL to file in Partner Center),,,,
HolographicScreenshot23,422,Relative path (or URL to file in Partner Center),,,,
HolographicScreenshot24,423,Relative path (or URL to file in Partner Center),,,,
HolographicScreenshot25,424,Relative path (or URL to file in Partner Center),,,,
HolographicScreenshot26,425,Relative path (or URL to file in Partner Center),,,,
HolographicScreenshot27,426,Relative path (or URL to file in Partner Center),,,,
HolographicScreenshot28,427,Relative path (or URL to file in Partner Center),,,,
HolographicScreenshot29,428,Relative path (or URL to file in Partner Center),,,,
HolographicScreenshot30,429,Relative path (or URL to file in Partner Center),,,,
HolographicScreenshotCaption1,450,Text,,,,
HolographicScreenshotCaption2,451,Text,,,,
HolographicScreenshotCaption3,452,Text,,,,
HolographicScreenshotCaption4,453,Text,,,,
HolographicScreenshotCaption5,454,Text,,,,
HolographicScreenshotCaption6,455,Text,,,,
HolographicScreenshotCaption7,456,Text,,,,
HolographicScreenshotCaption8,457,Text,,,,
HolographicScreenshotCaption9,458,Text,,,,
HolographicScreenshotCaption10,459,Text,,,,
HolographicScreenshotCaption11,460,Text,,,,
HolographicScreenshotCaption12,461,Text,,,,
HolographicScreenshotCaption13,462,Text,,,,
HolographicScreenshotCaption14,463,Text,,,,
HolographicScreenshotCaption15,464,Text,,,,
HolographicScreenshotCaption16,465,Text,,,,
HolographicScreenshotCaption17,466,Text,,,,
HolographicScreenshotCaption18,467,Text,,,,
HolographicScreenshotCaption19,468,Text,,,,
HolographicScreenshotCaption20,469,Text,,,,
HolographicScreenshotCaption21,470,Text,,,,
HolographicScreenshotCaption22,471,Text,,,,
HolographicScreenshotCaption23,472,Text,,,,
HolographicScreenshotCaption24,473,Text,,,,
HolographicScreenshotCaption25,474,Text,,,,
HolographicScreenshotCaption26,475,Text,,,,
HolographicScreenshotCaption27,476,Text,,,,
HolographicScreenshotCaption28,477,Text,,,,
HolographicScreenshotCaption29,478,Text,,,,
HolographicScreenshotCaption30,479,Text,,,,
SurfaceHubScreenshot11,510,Relative path (or URL to file in Partner Center),,,,
SurfaceHubScreenshot12,511,Relative path (or URL to file in Partner Center),,,,
SurfaceHubScreenshot13,512,Relative path (or URL to file in Partner Center),,,,
SurfaceHubScreenshot14,513,Relative path (or URL to file in Partner Center),,,,
SurfaceHubScreenshot15,514,Relative path (or URL to file in Partner Center),,,,
SurfaceHubScreenshot16,515,Relative path (or URL to file in Partner Center),,,,
SurfaceHubScreenshot17,516,Relative path (or URL to file in Partner Center),,,,
SurfaceHubScreenshot18,517,Relative path (or URL to file in Partner Center),,,,
SurfaceHubScreenshot19,518,Relative path (or URL to file in Partner Center),,,,
SurfaceHubScreenshot20,519,Relative path (or URL to file in Partner Center),,,,
SurfaceHubScreenshot21,520,Relative path (or URL to file in Partner Center),,,,
SurfaceHubScreenshot22,521,Relative path (or URL to file in Partner Center),,,,
SurfaceHubScreenshot23,522,Relative path (or URL to file in Partner Center),,,,
SurfaceHubScreenshot24,523,Relative path (or URL to file in Partner Center),,,,
SurfaceHubScreenshot25,524,Relative path (or URL to file in Partner Center),,,,
SurfaceHubScreenshot26,525,Relative path (or URL to file in Partner Center),,,,
SurfaceHubScreenshot27,526,Relative path (or URL to file in Partner Center),,,,
SurfaceHubScreenshot28,527,Relative path (or URL to file in Partner Center),,,,
SurfaceHubScreenshot29,528,Relative path (or URL to file in Partner Center),,,,
SurfaceHubScreenshot30,529,Relative path (or URL to file in Partner Center),,,,
SurfaceHubScreenshotCaption11,560,Text,,,,
SurfaceHubScreenshotCaption12,561,Text,,,,
SurfaceHubScreenshotCaption13,562,Text,,,,
SurfaceHubScreenshotCaption14,563,Text,,,,
SurfaceHubScreenshotCaption15,564,Text,,,,
SurfaceHubScreenshotCaption16,565,Text,,,,
SurfaceHubScreenshotCaption17,566,Text,,,,
SurfaceHubScreenshotCaption18,567,Text,,,,
SurfaceHubScreenshotCaption19,568,Text,,,,
SurfaceHubScreenshotCaption20,569,Text,,,,
SurfaceHubScreenshotCaption21,570,Text,,,,
SurfaceHubScreenshotCaption22,571,Text,,,,
SurfaceHubScreenshotCaption23,572,Text,,,,
SurfaceHubScreenshotCaption24,573,Text,,,,
SurfaceHubScreenshotCaption25,574,Text,,,,
SurfaceHubScreenshotCaption26,575,Text,,,,
SurfaceHubScreenshotCaption27,576,Text,,,,
SurfaceHubScreenshotCaption28,577,Text,,,,
SurfaceHubScreenshotCaption29,578,Text,,,,
SurfaceHubScreenshotCaption30,579,Text,,,,
StoreLogo720x1080,600,Relative path (or URL to file in Partner Center),,listing_product_1.0.7.0/StoreLogo_720x1080.png,listing_product_1.0.7.0/StoreLogo_720x1080.png,listing_product_1.0.7.0/StoreLogo_720x1080.png
StoreLogo1080x1080,601,Relative path (or URL to file in Partner Center),,listing_product_1.0.7.0/StoreLogo_1080x1080.png,listing_product_1.0.7.0/StoreLogo_1080x1080.png,listing_product_1.0.7.0/StoreLogo_1080x1080.png
StoreLogo300x300,602,Relative path (or URL to file in Partner Center),,listing_product_1.0.7.0/StoreLogo_300x300.png,listing_product_1.0.7.0/StoreLogo_300x300.png,listing_product_1.0.7.0/StoreLogo_300x300.png
OverrideLogosForWin10,603,True/False,,True,True,True
StoreLogoOverride150x150,604,Relative path (or URL to file in Partner Center),,listing_product_1.0.7.0/StoreLogo_150x150.png,listing_product_1.0.7.0/StoreLogo_150x150.png,listing_product_1.0.7.0/StoreLogo_150x150.png
StoreLogoOverride71x71,605,Relative path (or URL to file in Partner Center),,listing_product_1.0.7.0/StoreLogo_71x71.png,listing_product_1.0.7.0/StoreLogo_71x71.png,listing_product_1.0.7.0/StoreLogo_71x71.png
PromoImage1920x1080,606,Relative path (or URL to file in Partner Center),,listing_product_1.0.7.0/StoreLogo_1920x1080.png,listing_product_1.0.7.0/StoreLogo_1920x1080.png,listing_product_1.0.7.0/StoreLogo_1920x1080.png
PromoImage2400x1200,607,Relative path (or URL to file in Partner Center),,,,
XboxBrandedKeyArt584x800,608,Relative path (or URL to file in Partner Center),,,,
XboxTitledHero1920x1080,609,Relative path (or URL to file in Partner Center),,,,
XboxFeaturedPromo1080x1080,610,Relative path (or URL to file in Partner Center),,,,
OptionalPromo358x358,611,Relative path (or URL to file in Partner Center),,,,
OptionalPromo1000x800,612,Relative path (or URL to file in Partner Center),,,,
OptionalPromo414x180,613,Relative path (or URL to file in Partner Center),,,,
Feature1,700,Text,,"â— Simple and friendly interface with both horizontal/vertical layouts, list/grid view and multi-monitor support",â— æ°´å¹³/å‚ç›´ãƒ¬ã‚¤ã‚¢ã‚¦ãƒˆã€ãƒªã‚¹ãƒˆ/ã‚°ãƒªãƒƒãƒ‰ ãƒ“ãƒ¥ãƒ¼ã€ãƒãƒ«ãƒ ãƒ¢ãƒ‹ã‚¿ãƒ¼ ã‚µãƒãƒ¼ãƒˆã‚’å‚™ãˆãŸã‚·ãƒ³ãƒ—ãƒ«ã§ãƒ•ãƒ¬ãƒ³ãƒ‰ãƒªãƒ¼ãªã‚¤ãƒ³ã‚¿ãƒ¼ãƒ•ã‚§ã‚¤ã‚¹,â— ç®€å•å‹å¥½çš„ç•Œé¢ï¼Œå…·æœ‰æ°´å¹³/å‚ç›´å¸ƒå±€ã€åˆ—è¡¨/ç½‘æ ¼è§†å›¾å’Œå¤šæ˜¾ç¤ºå™¨æ”¯æŒ
Feature2,701,Text,,"â— Both light & dark themes are completely dynamic, use any color you want",â— æ˜ã‚‹ã„ãƒ†ãƒ¼ãƒã¨æš—ã„ãƒ†ãƒ¼ãƒã¯ä¸¡æ–¹ã¨ã‚‚å®Œå…¨ã«å‹•çš„ã§ã€å¿…è¦ãªè‰²ã‚’ä½¿ç”¨ã§ãã¾ã™,â— æµ…è‰²å’Œæ·±è‰²ä¸»é¢˜éƒ½æ˜¯å®Œå…¨åŠ¨æ€çš„ï¼Œä½¿ç”¨ä»»ä½•ä½ æƒ³è¦çš„é¢œè‰²
Feature3,702,Text,,"â— Integrated help & hints right in the interface. Online manual, videos and forum to get you started all on the website (monkeypaste.com/docs)",â— ã‚¤ãƒ³ã‚¿ãƒ¼ãƒ•ã‚§ãƒ¼ã‚¹å†…ã«çµ±åˆã•ã‚ŒãŸãƒ˜ãƒ«ãƒ—ã¨ãƒ’ãƒ³ãƒˆã€‚,â— ç•Œé¢ä¸­é›†æˆçš„å¸®åŠ©å’Œæç¤ºã€‚
Feature4,703,Text,,"â— Optimized for performance and stressed tested with 1,000,000s of clips.",â—ãƒ‘ãƒ•ã‚©ãƒ¼ãƒãƒ³ã‚¹ã‚’æœ€é©åŒ–ã—ã€100ä¸‡å€‹ã®ã‚¯ãƒªãƒƒãƒ—ã«ã‚ˆã‚‹ã‚¹ãƒˆãƒ¬ã‚¹ãƒ†ã‚¹ãƒˆã‚’å®Ÿæ–½ã€‚,"â— é’ˆå¯¹æ€§èƒ½è¿›è¡Œäº†ä¼˜åŒ–ï¼Œå¹¶é€šè¿‡ 1,000,000 ä¸ªå‰ªè¾‘è¿›è¡Œäº†å‹åŠ›æµ‹è¯•ã€‚"
Feature5,704,Text,,"â— Anytime search, just start typing using both simple & advanced filtering on clips and their sources over dozens of fields",â— æ¤œç´¢ã¯ã„ã¤ã§ã‚‚ã€æ•°åã®ãƒ•ã‚£ãƒ¼ãƒ«ãƒ‰ã«ã‚ãŸã‚‹ã‚¯ãƒªãƒƒãƒ—ã¨ãã®ã‚½ãƒ¼ã‚¹ã«å¯¾ã™ã‚‹ã‚·ãƒ³ãƒ—ãƒ«ã‹ã¤é«˜åº¦ãªãƒ•ã‚£ãƒ«ã‚¿ãƒªãƒ³ã‚°ã‚’ä½¿ç”¨ã—ã¦å…¥åŠ›ã‚’é–‹å§‹ã™ã‚‹ã ã‘ã§ã™,â— éšæ—¶æœç´¢ï¼Œåªéœ€å¼€å§‹è¾“å…¥å³å¯ä½¿ç”¨ç®€å•å’Œé«˜çº§è¿‡æ»¤å¯¹å‰ªè¾‘åŠå…¶æ¥æºè¿›è¡Œæ•°åä¸ªå­—æ®µçš„æœç´¢
Feature6,705,Text,,â— Organize your clips in tag trees and create resusable filters,â— ã‚¿ã‚° ãƒ„ãƒªãƒ¼ã§ã‚¯ãƒªãƒƒãƒ—ã‚’æ•´ç†ã—ã€å†åˆ©ç”¨å¯èƒ½ãªãƒ•ã‚£ãƒ«ã‚¿ã‚’ä½œæˆã—ã¾ã™,â— åœ¨æ ‡ç­¾æ ‘ä¸­ç»„ç»‡å‰ªè¾‘å¹¶åˆ›å»ºå¯é‡å¤ä½¿ç”¨çš„è¿‡æ»¤å™¨
Feature7,706,Text,,"â— Safe, secure and private local data storage (no data collection) always encrypted with optional 2-factor password protection and easily block apps or websites from your tracker",â— ã‚ªãƒ—ã‚·ãƒ§ãƒ³ã® 2 è¦ç´ ãƒ‘ã‚¹ãƒ¯ãƒ¼ãƒ‰ä¿è­·ã§å¸¸ã«æš—å·åŒ–ã•ã‚ŒãŸã€å®‰å…¨ã‹ã¤ãƒ—ãƒ©ã‚¤ãƒ™ãƒ¼ãƒˆãªãƒ­ãƒ¼ã‚«ãƒ« ãƒ‡ãƒ¼ã‚¿ ã‚¹ãƒˆãƒ¬ãƒ¼ã‚¸ (ãƒ‡ãƒ¼ã‚¿åé›†ãªã—) ã§ã€ãƒˆãƒ©ãƒƒã‚«ãƒ¼ã‹ã‚‰ã‚¢ãƒ—ãƒªã‚„ Web ã‚µã‚¤ãƒˆã‚’ç°¡å˜ã«ãƒ–ãƒ­ãƒƒã‚¯ã§ãã¾ã™ã€‚,â— å®‰å…¨ã€å¯é ä¸”ç§å¯†çš„æœ¬åœ°æ•°æ®å­˜å‚¨ï¼ˆæ— æ•°æ®æ”¶é›†ï¼‰å§‹ç»ˆä½¿ç”¨å¯é€‰çš„ä¸¤å› ç´ å¯†ç ä¿æŠ¤è¿›è¡ŒåŠ å¯†ï¼Œå¹¶è½»æ¾é˜»æ­¢åº”ç”¨ç¨‹åºæˆ–ç½‘ç«™è®¿é—®æ‚¨çš„æ™ºèƒ½è®¾å¤‡
Feature8,707,Text,,"â— Extensive drag-and-drop support, custom global shortcuts, routing and mouse-free navigation",â— åºƒç¯„ãªãƒ‰ãƒ©ãƒƒã‚° ã‚¢ãƒ³ãƒ‰ ãƒ‰ãƒ­ãƒƒãƒ—ã®ã‚µãƒãƒ¼ãƒˆã€ã‚«ã‚¹ã‚¿ãƒ  ã‚°ãƒ­ãƒ¼ãƒãƒ« ã‚·ãƒ§ãƒ¼ãƒˆã‚«ãƒƒãƒˆã€ãƒ«ãƒ¼ãƒ†ã‚£ãƒ³ã‚°ã€ãƒã‚¦ã‚¹ä¸è¦ã®ãƒŠãƒ“ã‚²ãƒ¼ã‚·ãƒ§ãƒ³,â— å¹¿æ³›çš„æ‹–æ”¾æ”¯æŒã€è‡ªå®šä¹‰å…¨å±€å¿«æ·é”®ã€è·¯ç”±å’Œæ— é¼ æ ‡å¯¼èˆª
Feature9,708,Text,,â— Custom mouse modes: right-click paste and left-click auto-copy,â— ã‚«ã‚¹ã‚¿ãƒ  ãƒã‚¦ã‚¹ ãƒ¢ãƒ¼ãƒ‰: å³ã‚¯ãƒªãƒƒã‚¯ã§è²¼ã‚Šä»˜ã‘ã€å·¦ã‚¯ãƒªãƒƒã‚¯ã§è‡ªå‹•ã‚³ãƒ”ãƒ¼,â— è‡ªå®šä¹‰é¼ æ ‡æ¨¡å¼ï¼šå³é”®ç²˜è´´ã€å·¦é”®è‡ªåŠ¨å¤åˆ¶
Feature10,709,Text,,"â— Append mode: Copying becomes 'add to' instead of 'replace' on the clipboard. Both text and files, fully customizable",â— è¿½åŠ ãƒ¢ãƒ¼ãƒ‰: ã‚³ãƒ”ãƒ¼ã¯ã‚¯ãƒªãƒƒãƒ—ãƒœãƒ¼ãƒ‰ä¸Šã§ã€Œç½®æ›ã€ã§ã¯ãªãã€Œè¿½åŠ ã€ã«ãªã‚Šã¾ã™ã€‚,â— é™„åŠ æ¨¡å¼ï¼šå¤åˆ¶å˜ä¸ºâ€œæ·»åŠ åˆ°â€è€Œä¸æ˜¯å‰ªè´´æ¿ä¸Šçš„â€œæ›¿æ¢â€ã€‚
Feature11,710,Text,,"â— Sophisticated clip tracking, sources and usage with enhanced support for Firefox and Chromium-based browsers (Chrome, Edge, Brave)",â— Firefox ãŠã‚ˆã³ Chromium ãƒ™ãƒ¼ã‚¹ã®ãƒ–ãƒ©ã‚¦ã‚¶ (Chromeã€Edgeã€Brave) ã®ã‚µãƒãƒ¼ãƒˆãŒå¼·åŒ–ã•ã‚ŒãŸã€æ´—ç·´ã•ã‚ŒãŸã‚¯ãƒªãƒƒãƒ— ãƒˆãƒ©ãƒƒã‚­ãƒ³ã‚°ã€ã‚½ãƒ¼ã‚¹ã€ãŠã‚ˆã³ä½¿ç”¨æ³•,â— å¤æ‚çš„å‰ªè¾‘è·Ÿè¸ªã€æ¥æºå’Œä½¿ç”¨ï¼Œå¢å¼ºäº†å¯¹ Firefox å’ŒåŸºäº Chromium çš„æµè§ˆå™¨ï¼ˆChromeã€Edgeã€Braveï¼‰çš„æ”¯æŒ
Feature12,711,Text,,"â— Fully-featured clip editor with rich text (tables, lists, links, etc.) with find/replace and highlighting",â— æ¤œç´¢/ç½®æ›ãŠã‚ˆã³ãƒã‚¤ãƒ©ã‚¤ãƒˆæ©Ÿèƒ½ã‚’å‚™ãˆãŸãƒªãƒƒãƒ ãƒ†ã‚­ã‚¹ãƒˆ (è¡¨ã€ãƒªã‚¹ãƒˆã€ãƒªãƒ³ã‚¯ãªã©) ã‚’å‚™ãˆãŸãƒ•ãƒ«æ©Ÿèƒ½ã®ã‚¯ãƒªãƒƒãƒ— ã‚¨ãƒ‡ã‚£ã‚¿ãƒ¼,â— åŠŸèƒ½é½å…¨çš„å‰ªè¾‘ç¼–è¾‘å™¨ï¼Œå…·æœ‰å¯Œæ–‡æœ¬ï¼ˆè¡¨æ ¼ã€åˆ—è¡¨ã€é“¾æ¥ç­‰ï¼‰ä»¥åŠæŸ¥æ‰¾/æ›¿æ¢å’Œçªå‡ºæ˜¾ç¤ºåŠŸèƒ½
Feature13,712,Text,,"â— Store your images in the secure database, ready to use as files anytime on-demand just drag-and-drop!",â— ç”»åƒã‚’å®‰å…¨ãªãƒ‡ãƒ¼ã‚¿ãƒ™ãƒ¼ã‚¹ã«ä¿å­˜ã—ã€ãƒ‰ãƒ©ãƒƒã‚° ã‚¢ãƒ³ãƒ‰ ãƒ‰ãƒ­ãƒƒãƒ—ã™ã‚‹ã ã‘ã§ã„ã¤ã§ã‚‚ã‚ªãƒ³ãƒ‡ãƒãƒ³ãƒ‰ã§ãƒ•ã‚¡ã‚¤ãƒ«ã¨ã—ã¦ä½¿ç”¨ã§ãã‚‹ã‚ˆã†ã«ãªã‚Šã¾ã™ã€‚,â— å°†æ‚¨çš„å›¾åƒå­˜å‚¨åœ¨å®‰å…¨æ•°æ®åº“ä¸­ï¼Œåªéœ€æ‹–æ”¾å³å¯éšæ—¶æŒ‰éœ€ç”¨ä½œæ–‡ä»¶ï¼
Feature14,713,Text,,"â— Powerful text templating for quick, dynamic pasting from your snippet collection",â— ã‚¹ãƒ‹ãƒšãƒƒãƒˆ ã‚³ãƒ¬ã‚¯ã‚·ãƒ§ãƒ³ã‹ã‚‰è¿…é€Ÿã‹ã¤å‹•çš„ã«è²¼ã‚Šä»˜ã‘ã‚‹ãŸã‚ã®å¼·åŠ›ãªãƒ†ã‚­ã‚¹ãƒˆ ãƒ†ãƒ³ãƒ—ãƒ¬ãƒ¼ãƒˆ,â— å¼ºå¤§çš„æ–‡æœ¬æ¨¡æ¿ï¼Œå¯ä»ç‰‡æ®µé›†åˆä¸­å¿«é€Ÿã€åŠ¨æ€åœ°ç²˜è´´
Feature15,714,Text,,â— Trigger & Action designer for custom automations and action chaining,â— ã‚«ã‚¹ã‚¿ãƒ  ã‚ªãƒ¼ãƒˆãƒ¡ãƒ¼ã‚·ãƒ§ãƒ³ã¨ã‚¢ã‚¯ã‚·ãƒ§ãƒ³ ãƒã‚§ãƒ¼ãƒ³ã®ãŸã‚ã®ãƒˆãƒªã‚¬ãƒ¼ & ã‚¢ã‚¯ã‚·ãƒ§ãƒ³ ãƒ‡ã‚¶ã‚¤ãƒŠãƒ¼,â— ç”¨äºè‡ªå®šä¹‰è‡ªåŠ¨åŒ–å’ŒåŠ¨ä½œé“¾æ¥çš„è§¦å‘å™¨å’ŒåŠ¨ä½œè®¾è®¡å™¨
Feature16,715,Text,,â— Simple to use and extend plugin system for both analyzing clips or read/write any format to your clipboard,â— ãƒ—ãƒ©ã‚°ã‚¤ãƒ³ ã‚·ã‚¹ãƒ†ãƒ ã®ä½¿ç”¨ã¨æ‹¡å¼µãŒç°¡å˜ã§ã€ã‚¯ãƒªãƒƒãƒ—ã®åˆ†æã‚„ã‚¯ãƒªãƒƒãƒ—ãƒœãƒ¼ãƒ‰ã¸ã®ä»»æ„ã®å½¢å¼ã®èª­ã¿å–ã‚Š/æ›¸ãè¾¼ã¿ã®ä¸¡æ–¹ã‚’è¡Œã†ã“ã¨ãŒã§ãã¾ã™ã€‚,â— æ˜“äºä½¿ç”¨å’Œæ‰©å±•æ’ä»¶ç³»ç»Ÿï¼Œç”¨äºåˆ†æå‰ªè¾‘æˆ–å°†ä»»ä½•æ ¼å¼è¯»/å†™åˆ°å‰ªè´´æ¿
Feature17,716,Text,,â— Built-in plugin browser with an ever-growing community-driven library of plugins,â— æˆé•·ã‚’ç¶šã‘ã‚‹ã‚³ãƒŸãƒ¥ãƒ‹ãƒ†ã‚£ä¸»å°ã®ãƒ—ãƒ©ã‚°ã‚¤ãƒ³ ãƒ©ã‚¤ãƒ–ãƒ©ãƒªã‚’å‚™ãˆãŸçµ„ã¿è¾¼ã¿ãƒ—ãƒ©ã‚°ã‚¤ãƒ³ ãƒ–ãƒ©ã‚¦ã‚¶,â— å†…ç½®æ’ä»¶æµè§ˆå™¨ï¼Œå…·æœ‰ä¸æ–­å¢é•¿çš„ç¤¾åŒºé©±åŠ¨æ’ä»¶åº“
Feature18,717,Text,,"â— Automate everything with plugin presets, stash and use your any of your AI prompts or commands with ease",â— ãƒ—ãƒ©ã‚°ã‚¤ãƒ³ ãƒ—ãƒªã‚»ãƒƒãƒˆã§ã™ã¹ã¦ã‚’è‡ªå‹•åŒ–ã—ã€AI ãƒ—ãƒ­ãƒ³ãƒ—ãƒˆã‚„ã‚³ãƒãƒ³ãƒ‰ã‚’éš ã—ã¦ç°¡å˜ã«ä½¿ç”¨ã§ãã¾ã™,â— ä½¿ç”¨æ’ä»¶é¢„è®¾å®ç°ä¸€åˆ‡è‡ªåŠ¨åŒ–ï¼Œè½»æ¾å­˜å‚¨å’Œä½¿ç”¨ä»»ä½• AI æç¤ºæˆ–å‘½ä»¤
Feature19,718,Text,,â— More platforms and features coming soon! We're just gettings started ğŸ‰,â— ã•ã‚‰ã«å¤šãã®ãƒ—ãƒ©ãƒƒãƒˆãƒ•ã‚©ãƒ¼ãƒ ã¨æ©Ÿèƒ½ãŒè¿‘æ—¥å…¬é–‹äºˆå®šã§ã™ã€‚,â— æ›´å¤šå¹³å°å’ŒåŠŸèƒ½å³å°†æ¨å‡ºï¼
Feature20,719,Text,,,,
MinimumHardwareReq1,800,Text,,,,
MinimumHardwareReq2,801,Text,,,,
MinimumHardwareReq3,802,Text,,,,
MinimumHardwareReq4,803,Text,,,,
MinimumHardwareReq5,804,Text,,,,
MinimumHardwareReq6,805,Text,,,,
MinimumHardwareReq7,806,Text,,,,
MinimumHardwareReq8,807,Text,,,,
MinimumHardwareReq9,808,Text,,,,
MinimumHardwareReq10,809,Text,,,,
MinimumHardwareReq11,810,Text,,,,
RecommendedHardwareReq1,850,Text,,,,
RecommendedHardwareReq2,851,Text,,,,
RecommendedHardwareReq3,852,Text,,,,
RecommendedHardwareReq4,853,Text,,,,
RecommendedHardwareReq5,854,Text,,,,
RecommendedHardwareReq6,855,Text,,,,
RecommendedHardwareReq7,856,Text,,,,
RecommendedHardwareReq8,857,Text,,,,
RecommendedHardwareReq9,858,Text,,,,
RecommendedHardwareReq10,859,Text,,,,
RecommendedHardwareReq11,860,Text,,,,
SearchTerm1,900,Text,,clipboard manager,clipboard manager,clipboard manager
SearchTerm2,901,Text,,copy,ã‚³ãƒ”ãƒ¼,å¤åˆ¶
SearchTerm3,902,Text,,paste,ãƒšãƒ¼ã‚¹ãƒˆ,ç²˜è´´
SearchTerm4,903,Text,,clipboard manager,ã‚¯ãƒªãƒƒãƒ—ãƒœãƒ¼ãƒ‰ãƒãƒãƒ¼ã‚¸ãƒ£ãƒ¼,å‰ªè´´æ¿ç®¡ç†å™¨
SearchTerm5,904,Text,,tool,é“å…·,å·¥å…·
SearchTerm6,905,Text,,utility,ãƒ¦ãƒ¼ãƒ†ã‚£ãƒªãƒ†ã‚£,å…¬ç”¨äº‹ä¸š
SearchTerm7,906,Text,,automation,ã‚ªãƒ¼ãƒˆãƒ¡ãƒ¼ã‚·ãƒ§ãƒ³,è‡ªåŠ¨åŒ–
TrailerToPlayAtTopOfListing,999,Relative path (or URL to file in Partner Center),,listing_product_1.0.7.0/teaser.mp4,listing_product_1.0.7.0/teaser.mp4,listing_product_1.0.7.0/teaser.mp4
Trailer1,1000,Relative path (or URL to file in Partner Center),,listing_product_1.0.7.0/teaser.mp4,listing_product_1.0.7.0/teaser.mp4,listing_product_1.0.7.0/teaser.mp4
Trailer2,1001,Relative path (or URL to file in Partner Center),,,,
Trailer3,1002,Relative path (or URL to file in Partner Center),,,,
Trailer4,1003,Relative path (or URL to file in Partner Center),,,,
Trailer5,1004,Relative path (or URL to file in Partner Center),,,,
Trailer6,1005,Relative path (or URL to file in Partner Center),,,,
Trailer7,1006,Relative path (or URL to file in Partner Center),,,,
Trailer8,1007,Relative path (or URL to file in Partner Center),,,,
Trailer9,1008,Relative path (or URL to file in Partner Center),,,,
Trailer10,1009,Relative path (or URL to file in Partner Center),,,,
Trailer11,1010,Relative path (or URL to file in Partner Center),,,,
Trailer12,1011,Relative path (or URL to file in Partner Center),,,,
Trailer13,1012,Relative path (or URL to file in Partner Center),,,,
Trailer14,1013,Relative path (or URL to file in Partner Center),,,,
Trailer15,1014,Relative path (or URL to file in Partner Center),,,,
TrailerTitle1,1020,Text,,Sample of MonkeyPaste in action!,"(ã“ã®è¨€èªã§ã‚¤ãƒ³ã‚¹ãƒˆãƒ¼ãƒ«ã•ã‚Œã¦ã„ã¾ã™ã€‚, )
MonkeyPaste ã®ã‚µãƒ³ãƒ—ãƒ«ãŒå‹•ä½œä¸­!","(ä»¥è¿™ç§è¯­è¨€å®‰è£…ã€‚, )
MonkeyPaste çš„ç¤ºä¾‹ï¼"
TrailerTitle2,1021,Text,,,,
TrailerTitle3,1022,Text,,,,
TrailerTitle4,1023,Text,,,,
TrailerTitle5,1024,Text,,,,
TrailerTitle6,1025,Text,,,,
TrailerTitle7,1026,Text,,,,
TrailerTitle8,1027,Text,,,,
TrailerTitle9,1028,Text,,,,
TrailerTitle10,1029,Text,,,,
TrailerTitle11,1030,Text,,,,
TrailerTitle12,1031,Text,,,,
TrailerTitle13,1032,Text,,,,
TrailerTitle14,1033,Text,,,,
TrailerTitle15,1034,Text,,,,
TrailerThumbnail1,1040,Relative path (or URL to file in Partner Center),,listing_product_1.0.7.0/StoreLogo_1920x1080.png,listing_product_1.0.7.0/StoreLogo_1920x1080.png,listing_product_1.0.7.0/StoreLogo_1920x1080.png
TrailerThumbnail2,1041,Relative path (or URL to file in Partner Center),,,,
TrailerThumbnail3,1042,Relative path (or URL to file in Partner Center),,,,
TrailerThumbnail4,1043,Relative path (or URL to file in Partner Center),,,,
TrailerThumbnail5,1044,Relative path (or URL to file in Partner Center),,,,
TrailerThumbnail6,1045,Relative path (or URL to file in Partner Center),,,,
TrailerThumbnail7,1046,Relative path (or URL to file in Partner Center),,,,
TrailerThumbnail8,1047,Relative path (or URL to file in Partner Center),,,,
TrailerThumbnail9,1048,Relative path (or URL to file in Partner Center),,,,
TrailerThumbnail10,1049,Relative path (or URL to file in Partner Center),,,,
TrailerThumbnail11,1050,Relative path (or URL to file in Partner Center),,,,
TrailerThumbnail12,1051,Relative path (or URL to file in Partner Center),,,,
TrailerThumbnail13,1052,Relative path (or URL to file in Partner Center),,,,
TrailerThumbnail14,1053,Relative path (or URL to file in Partner Center),,,,
TrailerThumbnail15,1054,Relative path (or URL to file in Partner Center),,,,
,,,
